m_ticker,ticker,comp_name,comp_name_2,exchange,currency_code,per_end_date,per_type,per_code,per_fisc_year,per_fisc_qtr,per_cal_year,per_cal_qtr,form_7_type,curr_ratio,non_perform_asset_tot_loan,loan_loss_reserve,lterm_debt_cap,tot_debt_tot_equity,gross_margin,oper_profit_margin,ebit_margin,ebitda_margin,pretax_profit_margin,profit_margin,free_cash_flow,loss_ratio,exp_ratio,comb_ratio,asset_turn,invty_turn,rcv_turn,day_sale_rcv,ret_equity,ret_tang_equity,ret_asset,ret_invst,free_cash_flow_per_share,book_val_per_share,oper_cash_flow_per_share
AAPL,AAPL,APPLE INC,Apple Inc.,NSDQ,USD,2018-09-30,A,,2018,4,2018,3,7,1.1329,,,0.4666,1.0685,38.3437,26.694,26.694,30.7992,27.4489,22.4142,64121.0,,,,0.7262,41.3943,5.4209,67.3325,55.5601,55.5601,16.2775,29.6348,12.8239,22.5336,15.4865
AAPL,AAPL,APPLE INC,Apple Inc.,NSDQ,USD,2018-03-31,Q,,2018,2,2018,1,7,1.456,,,0.4441,0.9603,38.3107,25.9974,25.9974,,26.4455,22.6082,36418.0,,,,0.1664,4.9223,2.7284,32.9869,10.8939,10.8939,3.7611,6.0559,7.1852,25.6668,8.5672
AAPL,AAPL,APPLE INC,Apple Inc.,NSDQ,USD,2018-06-30,Q,,2018,3,2018,2,7,1.3073,,,0.458,0.997,38.3385,23.6778,23.6778,,24.9395,21.6258,47639.0,,,,0.1525,5.533,2.0201,44.5514,10.021,10.021,3.2987,5.4315,9.6697,23.7355,11.7547
AAPL,AAPL,APPLE INC,Apple Inc.,NSDQ,USD,2018-09-30,Q,,2018,4,2018,3,7,1.1329,,,0.4666,1.0685,38.2894,25.6248,25.6248,,26.1065,22.4563,64121.0,,,,0.172,9.8119,1.2838,70.1041,13.1828,13.1828,3.8622,7.0315,12.8239,22.5336,15.4865
AAPL,AAPL,APPLE INC,Apple Inc.,NSDQ,USD,2018-12-31,Q,,2019,1,2018,4,7,1.3006,,,0.441,0.9732,37.9919,27.6907,27.6907,,28.3549,23.6805,23335.0,,,,0.2256,10.481,2.2798,39.4768,16.935,16.935,5.3422,9.4674,4.8887,24.9254,5.5916
AXP,AXP,AMER EXPRESS CO,American Express Company,NYSE,USD,2018-12-31,A,,2018,4,2018,4,7,,,,0.7238,2.7601,,,,,21.9597,18.3502,7620.0,,,,0.1961,,,,31.0498,31.0498,3.6696,8.5748,8.8708,26.3164,10.3958
AXP,AXP,AMER EXPRESS CO,American Express Company,NYSE,USD,2018-03-31,Q,,2018,1,2018,1,7,,,,0.7279,2.8934,,,,,23.2808,17.8911,1826.0,,,,0.0497,,,,8.3312,8.3312,0.908,2.2671,2.1208,22.8058,2.3961
AXP,AXP,AMER EXPRESS CO,American Express Company,NYSE,USD,2018-06-30,Q,,2018,2,2018,2,7,,,,0.7279,2.8756,,,,,22.7382,17.301,4560.0,,,,0.0497,,,,7.7685,7.7685,0.878,2.114,5.29,24.2648,5.9118
AXP,AXP,AMER EXPRESS CO,American Express Company,NYSE,USD,2018-09-30,Q,,2018,3,2018,3,7,,,,0.7204,2.7801,,,,,22.7083,17.3797,9311.0,,,,0.0493,,,,7.7074,7.7074,0.8747,2.1548,10.8267,25.1288,11.8395
AXP,AXP,AMER EXPRESS CO,American Express Company,NYSE,USD,2018-12-31,Q,,2018,4,2018,4,7,,,,0.7238,2.7601,,,,,19.2332,20.7458,7620.0,,,,0.0505,,,,9.0175,9.0175,1.0657,2.4903,8.8708,26.3164,10.3958
BA,BA,BOEING CO,The Boeing Company,NYSE,USD,2018-12-31,A,,2018,4,2018,4,7,1.0765,,,0.963,33.7732,19.4864,11.8534,11.9216,14.0121,11.4747,10.3365,13720.0,,,,0.8617,1.3013,7.0403,51.8443,2551.219,-96.3256,8.9128,94.5152,23.433,0.7223,26.1691
BA,BA,BOEING CO,The Boeing Company,NYSE,USD,2018-03-31,Q,,2018,1,2018,1,7,1.1458,,,0.8897,9.5932,19.5621,12.2958,12.3642,,12.1418,10.5808,2769.0,,,,0.2059,0.3068,1.8171,49.5304,190.8321,-36.507,2.1814,21.0468,4.6421,2.2218,5.2573
BA,BA,BOEING CO,The Boeing Company,NYSE,USD,2018-06-30,Q,,2018,2,2018,2,7,1.1116,,,1.1504,-8.8195,19.5358,11.1716,11.2417,,10.6604,9.0527,7087.0,,,,0.2143,0.3187,1.8682,48.1759,-159.8253,-23.3171,1.94,24.0447,12.0527,-2.3859,13.2925
BA,BA,BOEING CO,The Boeing Company,NYSE,USD,2018-09-30,Q,,2018,3,2018,3,7,1.1041,,,1.1303,-9.823,16.4002,8.8563,8.9279,,8.4825,9.3892,11265.0,,,,0.2193,0.3389,1.8964,47.4588,-195.4508,-24.9762,2.0609,25.4689,19.4157,-2.1248,21.3289
BA,BA,BOEING CO,The Boeing Company,NYSE,USD,2018-12-31,Q,,2018,4,2018,4,7,1.0765,,,0.963,33.7732,22.1199,14.7313,14.7948,,14.2761,12.0744,13720.0,,,,0.2415,0.3528,1.9731,45.6145,835.1219,-31.5315,2.9175,30.9388,23.433,0.7223,26.1691
CTR,CAT,CATERPILLAR INC,Caterpillar Inc.,NYSE,USD,2018-12-31,A,,2018,4,2018,4,7,1.368,,,0.6397,2.5961,32.391,15.1548,16.4742,21.5288,14.2941,11.2331,4578.0,,,,0.697,3.209,3.1356,116.4062,43.6648,103.0506,7.8309,15.7318,7.6376,24.4639,10.9409
CTR,CAT,CATERPILLAR INC,Caterpillar Inc.,NYSE,USD,2018-03-31,Q,,2018,1,2018,1,7,1.3633,,,0.6027,2.3124,33.3852,16.3932,17.6841,,16.5954,12.9481,436.0,,,,0.1648,0.7825,0.7716,116.6451,10.9154,24.7587,2.1368,4.337,0.7171,25.5425,1.5378
CTR,CAT,CATERPILLAR INC,Caterpillar Inc.,NYSE,USD,2018-06-30,Q,,2018,2,2018,2,7,1.3654,,,0.6133,2.4206,32.7528,15.4664,16.7654,,15.602,12.1833,2094.0,,,,0.1774,0.8371,0.8292,108.5383,11.4108,25.6237,2.1586,4.4124,3.4657,25.1411,5.1026
CTR,CAT,CATERPILLAR INC,Caterpillar Inc.,NYSE,USD,2018-09-30,Q,,2018,3,2018,3,7,1.4771,,,0.6155,2.2513,33.2198,15.8031,17.1725,,15.8031,12.7831,3078.0,,,,0.1727,0.7637,0.8043,111.9038,10.8685,22.4841,2.2082,4.1785,5.1351,26.9273,7.4658
CTR,CAT,CATERPILLAR INC,Caterpillar Inc.,NYSE,USD,2018-12-31,Q,,2018,4,2018,4,7,1.368,,,0.6397,2.5961,30.3654,13.1293,14.4471,,9.5314,7.3072,4578.0,,,,0.1827,0.8663,0.8218,109.5161,7.4503,17.583,1.3362,2.6842,7.6376,24.4639,10.9409
CSCO,CSCO,CISCO SYSTEMS,"Cisco Systems, Inc.",NSDQ,USD,2018-07-31,A,,2018,4,2018,3,7,2.2873,,,0.32,0.5918,62.0434,24.9524,24.9524,29.3959,26.4322,0.223,12891.0,,,,0.4535,10.143,8.8819,41.0949,0.2546,1.2296,0.1011,0.1731,2.6411,9.3637,2.7998
CSCO,CSCO,CISCO SYSTEMS,"Cisco Systems, Inc.",NSDQ,USD,2018-01-31,Q,,2018,2,2018,1,7,2.4333,,,0.3302,0.7573,63.0773,25.8518,25.8518,,27.1894,-73.8454,6822.0,,,,0.0904,2.3149,2.9995,30.0051,-16.8866,-45.9172,-6.6748,-11.3108,1.3855,10.6783,1.4521
CSCO,CSCO,CISCO SYSTEMS,"Cisco Systems, Inc.",NSDQ,USD,2018-04-30,Q,,2018,3,2018,2,7,2.3441,,,0.3035,0.6016,62.2563,25.1464,25.1464,,26.1013,21.5919,9000.0,,,,0.1093,2.4758,2.916,30.8642,5.7671,21.8319,2.3604,4.0166,1.858,9.8566,1.9748
CSCO,CSCO,CISCO SYSTEMS,"Cisco Systems, Inc.",NSDQ,USD,2018-07-31,Q,,2018,4,2018,3,7,2.2873,,,0.32,0.5918,61.6786,26.0511,26.0511,,27.9664,29.6092,12891.0,,,,0.1181,2.6663,2.3126,38.9178,8.8024,42.5106,3.4959,5.9857,2.6411,9.3637,2.7998
CSCO,CSCO,CISCO SYSTEMS,"Cisco Systems, Inc.",NSDQ,USD,2018-10-31,Q,,2019,1,2018,4,7,2.1082,,,0.2947,0.583,62.3164,29.108,29.108,,29.9036,27.1496,3553.0,,,,0.124,3.1336,2.8818,31.2301,8.0939,45.8172,3.3662,5.7084,0.77,9.7073,0.8156
SD,CVX,CHEVRON CORP,Chevron Corporation,NYSE,USD,2018-12-31,A,,2018,4,2018,4,7,1.2521,,,0.1558,0.2214,40.2155,12.3693,12.819,24.4934,12.3693,8.9119,16826.0,,,,0.6552,17.4343,11.0524,33.0244,9.5476,9.833,5.8536,8.0597,8.791,81.7947,15.9969
SD,CVX,CHEVRON CORP,Chevron Corporation,NYSE,USD,2018-03-31,Q,,2018,1,2018,1,7,1.0358,,,0.1705,0.2622,40.2156,13.4334,13.8545,,13.4334,9.6335,2046.0,,,,0.1473,3.6842,2.3945,37.5858,2.4141,2.4885,1.4268,2.0026,1.0694,79.3142,2.6359
SD,CVX,CHEVRON CORP,Chevron Corporation,NYSE,USD,2018-06-30,Q,,2018,2,2018,2,7,1.0751,,,0.1632,0.2511,38.1878,11.6133,12.1271,,11.6133,8.0713,5675.0,,,,0.1638,3.9294,2.5333,35.5261,2.2311,2.2988,1.3267,1.8669,2.9573,80.0461,6.2003
SD,CVX,CHEVRON CORP,Chevron Corporation,NYSE,USD,2018-09-30,Q,,2018,3,2018,3,7,1.2193,,,0.1624,0.2335,41.028,12.9561,13.3699,,12.9561,9.2004,11666.0,,,,0.1714,4.3025,2.6201,34.3492,2.6223,2.7012,1.5806,2.1964,6.084,80.9478,11.1955
SD,CVX,CHEVRON CORP,Chevron Corporation,NYSE,USD,2018-12-31,Q,,2018,4,2018,4,7,1.2521,,,0.1558,0.2214,41.3936,11.565,12.0136,,11.565,8.8071,16826.0,,,,0.1668,4.3515,2.8141,31.982,2.392,2.4635,1.4665,2.0193,8.791,81.7947,15.9969
DOW,DD,DUPONT DE NEMRS,"DuPont de Nemours, Inc.",NYSE,USD,2018-12-31,A,,2018,4,2018,4,7,1.7276,,,0.1163,0.1318,32.2741,0.9206,0.9206,34.3189,2.6556,17.0178,956.0,,,,0.1203,3.7258,6.6629,54.7807,0.4223,0.8663,0.2156,0.3732,1.2387,126.7973,6.1298
DOW,DD,DUPONT DE NEMRS,"DuPont de Nemours, Inc.",NYSE,USD,2018-03-31,Q,,2018,1,2018,1,7,1.8685,,,0.2218,0.3348,24.1516,7.6011,7.6011,,7.1688,5.1325,-2908.0,,,,0.1118,0.9346,1.087,82.795,1.1202,12.1817,0.5991,0.8717,-3.7377,133.0734,-2.7467
DOW,DD,DUPONT DE NEMRS,"DuPont de Nemours, Inc.",NYSE,USD,2018-06-30,Q,,2018,2,2018,2,7,1.7039,,,0.2119,0.3429,30.2544,1.2976,1.2976,,2.2196,30.2032,-1583.0,,,,0.0313,0.2614,0.2885,311.9805,0.031,0.3701,0.0165,0.0245,-2.0439,129.8933,-0.0607
DOW,DD,DUPONT DE NEMRS,"DuPont de Nemours, Inc.",NYSE,USD,2018-09-30,Q,,2018,3,2018,3,7,1.6404,,,0.2148,0.3526,33.6618,2.1644,2.1644,,2.9562,8.8158,-2906.0,,,,0.0308,0.2293,0.2907,309.5759,0.1313,1.4762,0.071,0.1031,-3.7721,130.4519,-0.4803
DOW,DD,DUPONT DE NEMRS,"DuPont de Nemours, Inc.",NYSE,USD,2018-12-31,Q,,2018,4,2018,4,7,1.7276,,,0.1163,0.1318,15.1875,15.5509,15.5509,,11.8592,-4.5046,956.0,,,,-0.0557,-2.1592,-3.0835,-29.188,-0.9489,-1.9466,-0.4844,-0.8385,1.2387,126.7973,6.1298
DIS,DIS,DISNEY WALT,The Walt Disney Company,NYSE,USD,2018-09-30,A,,2018,4,2018,3,7,0.942,,,0.2444,0.3951,44.9372,24.9083,24.9083,29.9744,24.7821,21.1966,9830.0,,,,0.6028,23.5101,6.3675,57.3226,24.7312,88.577,13.2518,18.6881,6.5229,35.2213,9.4857
DIS,DIS,DISNEY WALT,The Walt Disney Company,NYSE,USD,2018-03-31,Q,,2018,2,2018,1,7,0.852,,,0.2784,0.5074,48.1647,27.6602,27.6602,,27.0003,20.1883,4719.0,,,,0.1485,5.7963,1.5032,59.8722,6.4027,30.1286,3.1804,4.6205,3.1252,32.434,4.4788
DIS,DIS,DISNEY WALT,The Walt Disney Company,NYSE,USD,2018-06-30,Q,,2018,3,2018,2,7,0.8771,,,0.261,0.4728,45.1835,25.7666,25.7666,,25.307,19.1477,7178.0,,,,0.1542,6.3147,1.5122,59.5174,6.1093,25.7643,3.0964,4.515,4.7917,33.3807,6.9706
DIS,DIS,DISNEY WALT,The Walt Disney Company,NYSE,USD,2018-09-30,Q,,2018,4,2018,3,7,0.942,,,0.2444,0.3951,43.3245,21.5155,21.5155,,22.3822,16.231,9830.0,,,,0.1451,5.8247,1.5327,58.7208,4.5787,16.3989,2.4534,3.4599,6.5229,35.2213,9.4857
DIS,DIS,DISNEY WALT,The Walt Disney Company,NYSE,USD,2018-12-31,Q,,2019,1,2018,4,7,0.9953,,,0.24,0.3799,41.1815,22.3355,22.3355,,22.4204,18.2187,904.0,,,,0.1531,6.633,1.5117,59.5354,5.122,17.0325,2.7876,3.8927,0.6035,36.262,1.4012
GE,GE,GENL ELECTRIC,General Electric Company,NYSE,USD,2018-12-31,A,,2018,4,2018,4,7,1.7853,,,0.6334,1.976,24.9392,-13.3994,-13.3994,-6.6146,-21.6334,-23.5043,2444.0,,,,0.3119,5.2755,3.29,110.9425,-40.9511,-395.5714,-6.7766,-15.011,0.2808,5.9158,0.572
GE,GE,GENL ELECTRIC,General Electric Company,NYSE,USD,2018-03-31,Q,,2018,1,2018,1,7,1.7592,,,0.5896,1.7011,24.7481,9.6013,9.6013,,0.9968,-4.2608,-854.0,,,,0.0776,1.0164,0.7035,127.9264,0.4482,-0.9959,0.0916,0.1839,-0.0982,8.4272,0.0359
GE,GE,GENL ELECTRIC,General Electric Company,NYSE,USD,2018-06-30,Q,,2018,2,2018,2,7,1.8148,,,0.5818,1.5923,25.4201,10.2908,10.2908,,4.2384,2.1089,-2168.0,,,,0.0851,1.0623,0.8172,110.1344,1.0202,-2.4049,0.2136,0.4266,-0.2492,8.2561,-0.0776
GE,GE,GENL ELECTRIC,General Electric Company,NYSE,USD,2018-09-30,Q,,2018,3,2018,3,7,1.6561,,,0.6699,2.3468,23.7047,-88.1199,-88.1199,,-98.1618,-97.5034,-5476.0,,,,0.075,0.8646,0.6791,132.5338,-48.1152,73.3444,-7.3836,-15.883,-0.6299,5.4997,-0.4128
GE,GE,GENL ELECTRIC,General Electric Company,NYSE,USD,2018-12-31,Q,,2018,4,2018,4,7,1.7853,,,0.6334,1.976,26.1488,11.6677,11.6677,,2.7714,3.4493,2444.0,,,,0.0536,0.8919,0.5653,159.198,1.6979,16.4008,0.281,0.6224,0.2808,5.9158,0.572
GS&,GS,GOLDMAN SACHS,"The Goldman Sachs Group, Inc.",NYSE,USD,2018-12-31,A,,2018,4,2018,4,7,0.9319,,,0.7131,5.3835,91.2607,34.0862,34.0862,37.713,34.0862,26.9281,12293.0,,,,0.0393,,0.5054,722.2546,13.2423,11.5973,1.1225,3.3274,31.5044,245.2399,42.45
GS&,GS,GOLDMAN SACHS,"The Goldman Sachs Group, Inc.",NYSE,USD,2018-03-31,Q,,2018,1,2018,1,7,0.9175,,,0.7299,6.4102,91.627,33.9187,33.9187,,33.9187,27.1528,-1520.0,,,,0.0104,,0.0933,964.4553,3.9129,3.3884,0.2909,0.9151,-3.8598,221.2806,-2.4479
GS&,GS,GOLDMAN SACHS,"The Goldman Sachs Group, Inc.",NYSE,USD,2018-06-30,Q,,2018,2,2018,2,7,0.9045,,,0.7242,6.0092,91.5733,33.9975,33.9975,,33.9975,24.367,5829.0,,,,0.0099,,0.1087,827.8674,3.402,2.9619,0.2648,0.817,14.8472,229.1712,19.4447
GS&,GS,GOLDMAN SACHS,"The Goldman Sachs Group, Inc.",NYSE,USD,2018-09-30,Q,,2018,3,2018,3,7,0.8994,,,0.7256,5.9104,91.9048,34.898,34.898,,34.898,27.8118,-1141.0,,,,0.0092,,0.1059,850.1531,3.3404,2.9091,0.2637,0.7984,-2.9219,232.7688,5.9411
GS&,GS,GOLDMAN SACHS,"The Goldman Sachs Group, Inc.",NYSE,USD,2018-12-31,Q,,2018,4,2018,4,7,0.9319,,,0.7131,5.3835,89.7277,33.5149,33.5149,,33.5149,28.7376,12293.0,,,,0.0087,,0.1115,807.0482,3.2134,2.8142,0.2724,0.8074,31.5044,245.2399,42.45
HOMD,HD,HOME DEPOT,"The Home Depot, Inc.",NYSE,USD,2018-01-31,A,,2018,4,2018,1,7,1.1691,,,0.9435,18.5887,34.0482,14.5495,14.5495,16.593,13.5753,8.5527,10181.0,,,,2.266,5.2203,51.6926,7.061,593.5351,-1051.157,19.3806,33.5524,8.5988,1.2556,10.1613
HOMD,HD,HOME DEPOT,"The Home Depot, Inc.",NYSE,USD,2018-01-31,Q,,2018,4,2018,1,7,1.1691,,,0.9435,18.5887,33.886,13.3526,13.3526,,12.3226,7.4488,10181.0,,,,0.5363,1.2386,12.2351,7.3559,122.3521,-216.687,3.9951,6.9165,8.5988,1.2556,10.1613
HOMD,HD,HOME DEPOT,"The Home Depot, Inc.",NYSE,USD,2018-04-30,Q,,2019,1,2018,2,7,1.1699,,,0.9349,15.2893,34.5412,13.5527,13.5527,,12.5947,9.6364,3433.0,,,,0.5348,1.1315,10.8654,8.2832,142.5015,-404.7138,5.1533,9.2708,2.9646,1.4619,3.4378
HOMD,HD,HOME DEPOT,"The Home Depot, Inc.",NYSE,USD,2018-07-31,Q,,2019,2,2018,3,7,1.1289,,,0.9206,12.6919,34.0249,16.0884,16.0884,,15.2808,11.509,6832.0,,,,0.6589,1.4311,14.0772,6.3933,174.5147,-1448.76,7.5835,13.8555,5.946,1.7546,6.8816
HOMD,HD,HOME DEPOT,"The Home Depot, Inc.",NYSE,USD,2018-10-31,Q,,2019,3,2018,4,7,1.0886,,,0.9465,19.5333,34.792,14.7137,14.7137,,13.8621,10.9003,8346.0,,,,0.5819,1.1625,12.1152,7.4287,217.197,-305.6503,6.3429,11.6299,7.3146,1.1671,8.7958
IBM,IBM,INTL BUS MACH,International Business Machines Corporation,NYSE,USD,2018-12-31,A,,2018,4,2018,4,7,1.2856,,,0.6778,2.7061,46.4073,15.3183,15.3183,20.9471,14.2504,10.9661,12100.0,,,,0.6451,25.3591,9.7359,37.4901,51.5239,-38.9038,7.0699,16.6045,13.2051,18.9685,16.6395
IBM,IBM,INTL BUS MACH,International Business Machines Corporation,NYSE,USD,2018-03-31,Q,,2018,1,2018,1,7,1.3747,,,0.6884,2.5362,43.2414,7.3196,7.3196,,5.9564,8.8035,3835.0,,,,0.1522,6.1757,2.1229,42.3951,9.158,-7.6265,1.337,2.8535,4.1442,19.9244,4.973
IBM,IBM,INTL BUS MACH,International Business Machines Corporation,NYSE,USD,2018-06-30,Q,,2018,2,2018,2,7,1.3203,,,0.6699,2.4398,45.9881,14.8878,14.8878,,13.8779,12.0182,5275.0,,,,0.1645,6.2021,2.3439,38.3972,12.8807,-11.342,1.975,4.2514,5.7374,20.4302,7.5005
IBM,IBM,INTL BUS MACH,International Business Machines Corporation,NYSE,USD,2018-09-30,Q,,2018,3,2018,3,7,1.3105,,,0.6437,2.3557,46.9343,17.0026,17.0026,,15.9736,14.3634,8707.0,,,,0.1538,5.2573,2.393,37.6104,13.5154,-13.6366,2.2067,4.8151,9.5138,21.917,12.1591
IBM,IBM,INTL BUS MACH,International Business Machines Corporation,NYSE,USD,2018-12-31,Q,,2018,4,2018,4,7,1.2856,,,0.6778,2.7061,49.1131,21.273,21.273,,20.3768,8.966,12100.0,,,,0.1764,6.5826,2.6618,33.812,11.5416,-8.7147,1.5837,3.7195,13.2051,18.9685,16.6395
ITL,INTC,INTEL CORP,Intel Corporation,NSDQ,USD,2018-12-31,A,,2018,4,2018,4,7,1.7314,,,0.2518,0.3535,61.7336,32.9099,32.9099,45.7331,32.9113,29.7157,14251.0,,,,0.5537,3.7379,10.5397,34.6309,28.2352,55.0924,16.4524,21.1246,3.0315,16.5109,6.2608
ITL,INTC,INTEL CORP,Intel Corporation,NSDQ,USD,2018-03-31,Q,,2018,1,2018,1,7,1.5846,,,0.2609,0.4078,60.5689,27.8227,27.8227,,31.1901,27.7231,3374.0,,,,0.1249,0.8865,3.2929,27.3316,6.3479,13.3098,3.4636,4.6916,0.7044,15.0569,1.3119
ITL,INTC,INTEL CORP,Intel Corporation,NSDQ,USD,2018-06-30,Q,,2018,2,2018,2,7,1.5709,,,0.2602,0.4018,61.4255,31.0871,31.0871,,32.5964,29.513,6257.0,,,,0.1346,0.8909,3.6588,24.5985,7.1466,14.8997,3.9739,5.2873,1.3181,15.1913,2.8854
ITL,INTC,INTEL CORP,Intel Corporation,NSDQ,USD,2018-09-30,Q,,2018,3,2018,3,7,1.5117,,,0.2578,0.3899,64.4993,38.35,38.35,,37.2697,33.3873,11241.0,,,,0.1494,0.9192,3.5116,25.6291,8.9504,18.2957,4.989,6.6434,2.4185,15.6624,4.8477
ITL,INTC,INTEL CORP,Intel Corporation,NSDQ,USD,2018-12-31,Q,,2018,4,2018,4,7,1.7314,,,0.2518,0.3535,60.1758,33.3601,33.3601,,30.2031,27.8448,14251.0,,,,0.1458,1.0244,2.7755,32.4264,6.9673,13.5945,4.0598,5.2127,3.0315,16.5109,6.2608
JNJ,JNJ,JOHNSON & JOHNS,Johnson & Johnson,NYSE,USD,2018-12-31,A,,2018,4,2018,4,7,1.474,,,0.3166,0.5101,66.7925,22.0627,24.0436,32.537,22.0627,18.7507,21734.0,,,,0.5334,3.1505,5.7867,63.0756,25.6008,-83.5354,10.0011,17.4951,7.965,22.4436,8.1361
JNJ,JNJ,JOHNSON & JOHNS,Johnson & Johnson,NYSE,USD,2018-03-31,Q,,2018,1,2018,1,7,1.5793,,,0.3205,0.5143,66.9449,27.3927,29.2568,,27.3927,21.8252,2968.0,,,,0.1278,0.7337,1.4125,63.7183,6.9038,-21.5559,2.7882,4.6911,1.0864,23.5834,1.32
JNJ,JNJ,JOHNSON & JOHNS,Johnson & Johnson,NYSE,USD,2018-06-30,Q,,2018,2,2018,2,7,1.653,,,0.3186,0.5102,66.7451,23.8742,25.6937,,23.8742,18.9822,9022.0,,,,0.1341,0.7863,1.4762,60.9693,6.2873,-22.5775,2.545,4.2841,3.3153,23.4459,3.559
JNJ,JNJ,JOHNSON & JOHNS,Johnson & Johnson,NYSE,USD,2018-09-30,Q,,2018,3,2018,3,7,1.7201,,,0.3133,0.4836,67.6184,21.7368,23.791,,21.7368,19.3336,14500.0,,,,0.1307,0.7593,1.4485,62.1349,6.0873,-26.7383,2.5266,4.1804,5.316,24.0858,5.8502
JNJ,JNJ,JOHNSON & JOHNS,Johnson & Johnson,NYSE,USD,2018-12-31,Q,,2018,4,2018,4,7,1.474,,,0.3166,0.5101,65.8674,15.3084,17.4953,,15.3084,14.9162,21734.0,,,,0.1333,0.8095,1.4466,62.2154,5.091,-16.6121,1.9888,3.4791,7.965,22.4436,8.1361
CHL,JPM,JPMORGAN CHASE,JPMorgan Chase & Co.,NYSE,USD,2018-12-31,A,,2018,4,2018,4,7,,0.0053,2.7831,0.5237,2.6447,,,,,39.1367,29.4831,14187.0,,,,0.0397,,,,14.0917,16.063,1.2383,6.0299,4.1555,78.3069,4.1555
CHL,JPM,JPMORGAN CHASE,JPMorgan Chase & Co.,NYSE,USD,2018-03-31,Q,,2018,1,2018,1,7,,0.0068,2.2735,0.5172,2.5478,,,,,39.8699,30.8055,-35109.0,,,,0.0102,,,,3.7856,4.32,0.3338,1.6418,-10.0902,75.2475,-10.0902
CHL,JPM,JPMORGAN CHASE,JPMorgan Chase & Co.,NYSE,USD,2018-06-30,Q,,2018,2,2018,2,7,,0.0061,2.4953,0.5148,2.5719,,,,,39.8297,29.6877,576.0,,,,0.0102,,,,3.5939,4.0981,0.3211,1.5674,0.1677,76.6043,0.1677
CHL,JPM,JPMORGAN CHASE,JPMorgan Chase & Co.,NYSE,USD,2018-09-30,Q,,2018,3,2018,3,7,,0.0053,2.8269,0.5106,2.5777,,,,,40.6241,30.2068,13765.0,,,,0.0101,,,,3.6247,4.1026,0.3204,1.5839,4.0553,77.8719,4.0553
CHL,JPM,JPMORGAN CHASE,JPMorgan Chase & Co.,NYSE,USD,2018-12-31,Q,,2018,4,2018,4,7,,0.0053,2.7831,0.5237,2.6447,,,,,35.9961,27.047,14187.0,,,,0.0094,,,,3.0662,3.4951,0.2694,1.3121,4.1555,78.3069,4.1555
KO,KO,COCA COLA CO,Coca-Cola Company (The),NYSE,USD,2018-12-31,A,,2018,4,2018,4,7,0.8662,,,0.5711,2.32,61.9038,26.6822,26.6822,29.8484,23.9796,18.758,6327.0,,,,0.4122,4.255,9.308,39.2136,33.9805,-256.0696,7.7822,14.5744,1.4717,4.4653,1.7741
KO,KO,COCA COLA CO,Coca-Cola Company (The),NYSE,USD,2018-03-31,Q,,2018,1,2018,1,7,1.2085,,,0.5795,2.2643,64.0965,23.7477,23.7477,,24.0362,17.9386,382.0,,,,0.0818,0.9322,1.9534,46.074,6.1387,28.8667,1.4226,2.5813,0.0887,5.0756,0.1424
KO,KO,COCA COLA CO,Coca-Cola Company (The),NYSE,USD,2018-06-30,Q,,2018,2,2018,2,7,1.1473,,,0.5817,2.3196,62.3925,29.3599,29.3599,,31.2281,24.5834,2060.0,,,,0.1052,1.2298,2.0637,43.61,11.5533,70.338,2.6018,4.8322,0.4802,4.7439,0.6261
KO,KO,COCA COLA CO,Coca-Cola Company (The),NYSE,USD,2018-09-30,Q,,2018,3,2018,3,7,1.0631,,,0.5585,2.2221,61.869,29.7892,29.7892,,27.0427,21.4245,4739.0,,,,0.101,1.2737,2.3703,37.9692,9.0098,54.7096,2.0926,3.978,1.1034,4.7411,1.3248
KO,KO,COCA COLA CO,Coca-Cola Company (The),NYSE,USD,2018-12-31,Q,,2018,4,2018,4,7,0.8662,,,0.5711,2.32,59.4244,23.1305,23.1305,,12.7035,10.2619,6327.0,,,,0.1019,1.1202,2.3007,39.1189,5.2471,-39.5413,1.2017,2.2505,1.4717,4.4653,1.7741
MCD,MCD,MCDONALDS CORP,McDonald's Corporation,NYSE,USD,2018-12-31,A,,2018,4,2018,4,7,1.3631,,,1.2522,-4.9654,51.3003,41.962,41.962,49.0107,37.1749,28.1771,4385.4,,,,0.6408,200.3757,8.6116,42.3847,-94.6616,-68.9682,18.0557,23.872,5.5822,-8.1585,8.868
MCD,MCD,MCDONALDS CORP,McDonald's Corporation,NYSE,USD,2018-03-31,Q,,2018,1,2018,1,7,1.74,,,1.1804,-6.5418,49.1876,41.7035,41.7035,,36.7374,26.7645,1164.1,,,,0.1524,48.5353,2.6332,34.1793,-29.1472,-19.3077,4.0785,5.2595,1.4575,-6.0097,2.0598
MCD,MCD,MCDONALDS CORP,McDonald's Corporation,NYSE,USD,2018-06-30,Q,,2018,2,2018,2,7,1.4664,,,1.2356,-5.2948,51.1683,42.2552,42.2552,,37.694,27.9479,1944.4,,,,0.1637,52.7097,2.4147,37.2715,-25.5734,-18.2516,4.5747,6.0246,2.4703,-7.5419,3.7911
MCD,MCD,MCDONALDS CORP,McDonald's Corporation,NYSE,USD,2018-09-30,Q,,2018,3,2018,3,7,1.5312,,,1.2706,-4.6956,52.5589,45.0274,45.0274,,40.2038,30.4932,3723.0,,,,0.1577,60.7948,2.3687,37.9953,-24.1042,-17.9183,4.808,6.5224,4.7755,-8.8113,6.9973
MCD,MCD,MCDONALDS CORP,McDonald's Corporation,NYSE,USD,2018-12-31,Q,,2018,4,2018,4,7,1.3631,,,1.2522,-4.9654,52.2313,38.7275,38.7275,,33.9222,27.4124,4385.4,,,,0.1574,48.2642,2.1147,42.5596,-22.6144,-16.4763,4.3135,5.703,5.5822,-8.1585,8.868
MMM,MMM,3M CO,3M Company,NYSE,USD,2018-12-31,A,,2018,4,2018,4,7,1.8925,,,0.5766,1.4848,49.0859,21.996,21.996,26.5375,21.3643,16.3254,5124.0,,,,0.8977,3.8209,6.5269,55.9225,54.4578,-187.5175,14.6932,23.0577,8.5116,17.0802,10.696
MMM,MMM,3M CO,3M Company,NYSE,USD,2018-03-31,Q,,2018,1,2018,1,7,1.654,,,0.5252,1.4186,48.8282,12.1648,12.1648,,11.6574,7.2723,-78.0,,,,0.2146,0.9863,1.5762,57.1008,5.4896,-25.0828,1.571,2.6065,-0.1273,18.5938,0.2334
MMM,MMM,3M CO,3M Company,NYSE,USD,2018-06-30,Q,,2018,2,2018,2,7,1.5603,,,0.5199,1.3923,49.6186,28.6174,28.6174,,28.0095,22.1335,1469.0,,,,0.2281,0.9974,1.5586,57.7437,17.8558,-75.5069,5.0628,8.572,2.4313,17.7766,3.3797
MMM,MMM,3M CO,3M Company,NYSE,USD,2018-09-30,Q,,2018,3,2018,3,7,1.9655,,,0.5677,1.4398,48.9819,24.7301,24.7301,,24.1045,18.9279,3278.0,,,,0.2187,0.9373,1.5297,58.8334,14.9937,-60.9141,4.1476,6.4822,5.4779,17.7078,6.987
MMM,MMM,3M CO,3M Company,NYSE,USD,2018-12-31,Q,,2018,4,2018,4,7,1.8925,,,0.5766,1.4848,48.8987,22.4418,22.4418,,21.6488,16.9541,5124.0,,,,0.2177,0.9299,1.5827,56.866,13.6982,-47.1678,3.6959,5.7999,8.5116,17.0802,10.696
MRK,MRK,MERCK & CO INC,"Merck & Co., Inc.",NYSE,USD,2018-12-31,A,,2018,4,2018,4,7,1.1652,,,0.4242,0.9342,68.0593,21.1165,21.1165,31.8012,20.5727,14.7066,8307.0,,,,0.5118,2.4833,5.9813,61.0232,23.0377,-138.3911,7.4942,13.2647,3.1008,10.3689,4.0769
MRK,MRK,MERCK & CO INC,"Merck & Co., Inc.",NYSE,USD,2018-03-31,Q,,2018,1,2018,1,7,1.4201,,,0.3881,0.6948,68.2774,11.4476,11.4476,,13.4004,7.3329,705.0,,,,0.1167,0.5916,1.3854,64.9646,2.1858,35.3362,0.8612,1.3375,0.2601,12.591,0.4262
MRK,MRK,MERCK & CO INC,"Merck & Co., Inc.",NYSE,USD,2018-06-30,Q,,2018,2,2018,2,7,1.3274,,,0.3785,0.7123,67.3483,21.6531,21.6531,,19.9331,16.3115,3504.0,,,,0.1231,0.6599,1.4361,62.6689,5.2371,107.6537,2.0179,3.2546,1.2997,12.2717,1.6829
MRK,MRK,MERCK & CO INC,"Merck & Co., Inc.",NYSE,USD,2018-09-30,Q,,2018,3,2018,3,7,1.4439,,,0.3791,0.7224,66.4721,24.6804,24.6804,,24.6896,18.0656,5644.0,,,,0.1268,0.6682,1.4638,61.4842,5.9958,88.0792,2.3,3.723,2.1075,12.2825,2.7371
MRK,MRK,MERCK & CO INC,"Merck & Co., Inc.",NYSE,USD,2018-12-31,Q,,2018,4,2018,4,7,1.1652,,,0.4242,0.9342,70.0946,25.932,25.932,,23.6861,16.6121,8307.0,,,,0.1331,0.6046,1.5554,57.8642,6.6141,-39.7318,2.1516,3.8083,3.1008,10.3689,4.0769
MSFT,MSFT,MICROSOFT CORP,Microsoft Corporation,NSDQ,USD,2018-06-30,A,,2018,4,2018,2,7,2.9008,,,0.4847,0.989,65.2474,31.7669,31.7669,41.0647,33.05,15.0154,32252.0,,,,0.4264,14.4076,4.1675,87.5822,20.0331,42.5094,6.4018,10.3228,4.1381,10.7748,5.6305
MSFT,MSFT,MICROSOFT CORP,Microsoft Corporation,NSDQ,USD,2018-03-31,Q,,2018,3,2018,1,7,3.3958,,,0.5,1.0463,65.4387,30.9184,30.9184,,32.2197,27.6819,24814.0,,,,0.1092,4.4477,1.5585,57.7471,9.3691,21.1432,3.0241,4.6848,3.1837,10.3042,4.1655
MSFT,MSFT,MICROSOFT CORP,Microsoft Corporation,NSDQ,USD,2018-06-30,Q,,2018,4,2018,2,7,2.9008,,,0.4847,0.989,67.6184,34.4989,34.4989,,35.4994,29.4931,32252.0,,,,0.1162,3.6597,1.1361,79.2186,10.7268,22.7618,3.4279,5.5274,4.1381,10.7748,5.6305
MSFT,MSFT,MICROSOFT CORP,Microsoft Corporation,NSDQ,USD,2018-09-30,Q,,2019,1,2018,3,7,2.9176,,,0.4672,0.9525,65.9435,34.2284,34.2284,,35.143,30.3397,10055.0,,,,0.1129,2.7407,1.6725,53.8131,10.2644,20.7462,3.4252,5.4688,1.2947,11.1936,1.7586
MSFT,MSFT,MICROSOFT CORP,Microsoft Corporation,NSDQ,USD,2018-12-31,Q,,2019,2,2018,4,7,3.1177,,,0.4499,0.8559,61.7413,31.5913,31.5913,,31.9824,25.9308,15248.0,,,,0.1254,6.335,1.6499,54.5471,9.1395,20.0147,3.2527,5.0279,1.9629,11.9912,2.9038
NIKE,NKE,NIKE INC-B,"NIKE, Inc.",NYSE,USD,2018-05-31,A,,2018,4,2018,2,7,2.5056,,,0.2611,0.3883,43.8388,12.2125,12.2125,14.3391,11.8829,5.3109,3927.0,,,,1.6151,3.8854,10.4051,35.079,19.7004,20.6231,8.5774,14.5557,2.3669,6.1287,2.9866
NIKE,NKE,NIKE INC-B,"NIKE, Inc.",NYSE,USD,2018-02-28,Q,,2018,3,2018,1,7,2.6552,,,0.2618,0.3564,43.8335,13.0343,13.0343,,12.9007,-10.2516,1957.0,,,,0.3984,0.9404,2.3692,37.9875,-9.4153,-9.8387,-4.0839,-6.9504,1.2054,6.042,1.6538
NIKE,NKE,NIKE INC-B,"NIKE, Inc.",NYSE,USD,2018-05-31,Q,,2018,4,2018,2,7,2.5056,,,0.2611,0.3883,44.7237,12.8512,12.8512,,12.4119,11.6151,3927.0,,,,0.4344,1.0285,2.7985,32.1606,11.5879,12.1306,5.0453,8.5617,2.3669,6.1287,2.9866
NIKE,NKE,NIKE INC-B,"NIKE, Inc.",NYSE,USD,2018-08-31,Q,,2019,1,2018,3,7,2.3108,,,0.2783,0.3877,44.1998,13.4097,13.4097,,12.7664,10.9771,958.0,,,,0.4425,1.062,2.2975,39.1737,12.1441,12.766,4.857,8.7647,0.5861,5.6589,0.796
NIKE,NKE,NIKE INC-B,"NIKE, Inc.",NYSE,USD,2018-11-30,Q,,2019,2,2018,4,7,2.1388,,,0.2842,0.3988,43.7913,10.2731,10.2731,,10.6358,9.0356,2195.0,,,,0.4134,0.9779,2.1569,41.7261,9.7033,10.2159,3.7351,6.9455,1.3544,5.5352,1.7431
PFE,PFE,PFIZER INC,Pfizer Inc.,NYSE,USD,2018-12-31,A,,2018,4,2018,4,7,1.5671,,,0.3404,0.6547,79.0333,26.0984,26.0984,37.9984,22.1541,20.7896,13785.0,,,,0.3365,1.4981,6.685,54.6,17.5384,-44.9606,7.0122,11.5644,2.3063,11.1524,2.648
PFE,PFE,PFIZER INC,Pfizer Inc.,NYSE,USD,2018-03-31,Q,,2018,1,2018,1,7,1.273,,,0.3109,0.579,80.141,30.5982,30.5982,,31.9774,27.5918,1597.0,,,,0.0784,0.3146,1.3654,65.9135,5.0637,-10.6464,2.1693,3.4883,0.2637,12.0583,0.3274
PFE,PFE,PFIZER INC,Pfizer Inc.,NYSE,USD,2018-06-30,Q,,2018,2,2018,2,7,1.1601,,,0.2921,0.5778,78.3455,29.5262,29.5262,,33.618,28.7539,5020.0,,,,0.0816,0.3612,1.3639,65.9862,5.5333,-12.0108,2.3512,3.9158,0.8434,11.9625,0.9795
PFE,PFE,PFIZER INC,Pfizer Inc.,NYSE,USD,2018-09-30,Q,,2018,3,2018,3,7,1.4333,,,0.3195,0.5726,79.7413,28.305,28.305,,31.4107,30.937,9732.0,,,,0.0792,0.3292,1.3266,67.8418,5.7381,-14.0518,2.4494,3.9035,1.6258,12.3986,1.8525
PFE,PFE,PFIZER INC,Pfizer Inc.,NYSE,USD,2018-12-31,Q,,2018,4,2018,4,7,1.5671,,,0.3404,0.6547,77.9996,16.5415,16.5415,,-6.7683,-2.8189,13785.0,,,,0.0877,0.4096,1.7417,51.6742,-0.5993,1.5364,-0.2396,-0.3952,2.3063,11.1524,2.648
PG,PG,PROCTER & GAMBL,Procter & Gamble Company (The),NYSE,USD,2018-06-30,A,,2018,4,2018,2,7,0.8259,,,0.2829,0.5916,48.4798,19.9949,19.9949,24.2354,19.9396,14.1923,11419.0,,,,0.5649,7.2672,14.2621,25.5924,18.9941,-60.8929,8.3349,13.3716,4.2982,21.1701,5.596
PG,PG,PROCTER & GAMBL,Procter & Gamble Company (The),NYSE,USD,2018-03-31,Q,,2018,3,2018,1,7,0.9104,,,0.2899,0.6424,48.5044,19.7101,19.7101,,19.9803,14.9684,8104.0,,,,0.1309,1.6101,3.162,28.4632,4.706,-16.5386,2.0423,3.2824,3.0632,21.8508,4.0324
PG,PG,PROCTER & GAMBL,Procter & Gamble Company (The),NYSE,USD,2018-06-30,Q,,2018,4,2018,2,7,0.8259,,,0.2829,0.5916,45.0403,15.6759,15.6759,,13.8702,11.0525,11419.0,,,,0.1395,1.9143,3.5218,25.5554,3.6405,-11.671,1.5975,2.5629,4.2982,21.1701,5.596
PG,PG,PROCTER & GAMBL,Procter & Gamble Company (The),NYSE,USD,2018-09-30,Q,,2019,1,2018,3,7,0.799,,,0.2835,0.5959,49.1672,21.2942,21.2942,,23.607,18.7717,2496.0,,,,0.1409,1.6372,3.3148,27.151,6.2285,-19.2969,2.7111,4.3816,0.9556,21.074,1.3656
PG,PG,PROCTER & GAMBL,Procter & Gamble Company (The),NYSE,USD,2018-12-31,Q,,2019,2,2018,4,7,0.7819,,,0.2832,0.6177,48.8531,22.342,22.342,,22.4567,17.9436,5811.0,,,,0.141,1.6889,3.4497,26.0896,6.0116,-17.4441,2.6001,4.234,2.2154,21.7634,2.8875
SPM,TRV,TRAVELERS COS,"The Travelers Companies, Inc.",NYSE,USD,2018-12-31,A,,2018,4,2018,4,7,,,,0.2228,0.2867,,10.9405,10.9405,28.0596,9.7781,8.2689,4306.0,0.676,0.3207,0.9967,0.2905,,,,11.0204,13.5558,2.4205,8.5647,15.96,86.8513,16.2343
SPM,TRV,TRAVELERS COS,"The Travelers Companies, Inc.",NYSE,USD,2018-03-31,Q,,2018,1,2018,1,7,,,,0.2325,0.303,,11.8995,11.8995,,10.678,9.1134,521.0,0.6572,0.3248,0.9819,0.0703,,,,2.9114,3.5816,0.6453,2.2343,1.9022,85.0444,2.0226
SPM,TRV,TRAVELERS COS,"The Travelers Companies, Inc.",NYSE,USD,2018-06-30,Q,,2018,2,2018,2,7,,,,0.2222,0.2857,,9.6429,9.6429,,8.4392,6.9547,1654.0,0.6814,0.3277,1.0091,0.0722,,,,2.3162,2.8578,0.5062,1.8015,6.1011,84.5088,6.2634
SPM,TRV,TRAVELERS COS,"The Travelers Companies, Inc.",NYSE,USD,2018-09-30,Q,,2018,3,2018,3,7,,,,0.2262,0.2923,,11.5499,11.5499,,10.4364,9.1156,3375.0,0.6764,0.3162,0.9926,0.074,,,,3.1567,3.9061,0.6792,2.4428,12.5745,84.8187,12.7869
SPM,TRV,TRAVELERS COS,"The Travelers Companies, Inc.",NYSE,USD,2018-12-31,Q,,2018,4,2018,4,7,,,,0.2228,0.2867,,10.685,10.685,,9.569,7.9015,4306.0,0.688,0.3146,1.0026,0.0748,,,,2.7125,3.3366,0.5958,2.1081,15.96,86.8513,16.2343
UNIH,UNH,UNITEDHEALTH GP,UnitedHealth Group Incorporated,NYSE,USD,2018-12-31,A,,2018,4,2018,4,7,0.7272,,,0.389,0.673,23.7997,7.666,7.666,8.7391,7.0472,5.2978,13650.0,,,,1.4863,,12.3971,29.4424,22.795,-88.9767,8.1342,13.928,13.8861,56.5823,15.9847
UNIH,UNH,UNITEDHEALTH GP,UnitedHealth Group Incorporated,NYSE,USD,2018-03-31,Q,,2018,1,2018,1,7,0.7146,,,0.3605,0.7112,23.8113,7.344,7.344,,6.7478,5.1388,7892.0,,,,0.3547,,3.0174,29.8271,5.8438,-18.4514,1.8796,3.7371,7.9959,52.0125,8.4792
UNIH,UNH,UNITEDHEALTH GP,UnitedHealth Group Incorporated,NYSE,USD,2018-06-30,Q,,2018,2,2018,2,7,0.7515,,,0.3873,0.6903,23.5139,7.4956,7.4956,,6.8823,5.2099,11416.0,,,,0.3628,,3.1784,28.3162,5.9272,-21.2451,1.9468,3.6318,11.6253,52.789,12.6029
UNIH,UNH,UNITEDHEALTH GP,UnitedHealth Group Incorporated,NYSE,USD,2018-09-30,Q,,2018,3,2018,3,7,0.6874,,,0.3787,0.6379,24.1884,8.1158,8.1158,,7.4917,5.6369,11812.0,,,,0.3743,,3.0969,29.0611,6.2438,-21.0445,2.1736,3.8796,12.0163,54.6736,13.5473
UNIH,UNH,UNITEDHEALTH GP,UnitedHealth Group Incorporated,NYSE,USD,2018-12-31,Q,,2018,4,2018,4,7,0.7272,,,0.389,0.673,23.6866,7.6981,7.6981,,7.0579,5.204,13650.0,,,,0.3838,,3.2009,28.1168,5.8249,-22.7364,2.0786,3.5591,13.8861,56.5823,15.9847
VISA,V,VISA INC-A,Visa Inc.,NYSE,USD,2018-09-30,A,,2018,4,2018,3,7,1.6113,,,0.3284,0.489,100.0,62.856,62.856,65.8305,62.1379,49.983,12237.0,,,,0.2977,,7.3867,49.4129,36.0983,-117.7796,14.8805,20.3432,4.732,16.7931,5.0043
VISA,V,VISA INC-A,Visa Inc.,NYSE,USD,2018-03-31,Q,,2018,2,2018,1,7,1.9407,,,0.3277,0.4875,100.0,65.7599,65.7599,,63.4142,51.3503,5375.0,,,,0.0735,,1.3492,66.7061,9.0998,-26.5654,3.7731,5.1353,2.0721,16.66,2.2086
VISA,V,VISA INC-A,Visa Inc.,NYSE,USD,2018-06-30,Q,,2018,3,2018,2,7,1.6911,,,0.3329,0.499,100.0,55.0573,55.0573,,53.6641,44.4466,8956.0,,,,0.0769,,1.8483,48.6928,8.3633,-24.4797,3.4162,4.6631,3.474,16.3725,3.6715
VISA,V,VISA INC-A,Visa Inc.,NYSE,USD,2018-09-30,Q,,2018,4,2018,3,7,1.6113,,,0.3284,0.489,100.0,62.6794,62.6794,,65.1086,52.3555,12237.0,,,,0.0785,,1.9477,46.2091,9.9699,-32.5292,4.1098,5.6185,4.732,16.7931,5.0043
VISA,V,VISA INC-A,Visa Inc.,NYSE,USD,2018-12-31,Q,,2019,1,2018,4,7,1.5018,,,0.3279,0.4878,100.0,67.5082,67.5082,,65.9281,54.0683,3137.0,,,,0.0768,,1.216,74.0138,10.3978,-35.6314,4.1546,5.8686,1.2312,16.9543,1.2928
BEL,VZ,VERIZON COMM,Verizon Communications Inc.,NYSE,USD,2018-12-31,A,,2018,4,2018,4,7,0.9132,,,0.6593,2.0666,57.5831,17.0239,17.0239,30.3226,14.9951,11.8658,17681.0,,,,0.4941,41.5479,5.2133,70.0139,29.3164,-21.7304,6.0564,9.988,4.279,13.2405,8.3105
BEL,VZ,VERIZON COMM,Verizon Communications Inc.,NYSE,USD,2018-03-31,Q,,2018,1,2018,1,7,0.9813,,,0.6829,2.2745,58.2809,23.1304,23.1304,,19.0545,14.3051,2096.0,,,,0.1201,10.3152,1.4062,64.0045,8.9139,-5.7987,1.764,2.8265,0.5103,12.6685,1.6187
BEL,VZ,VERIZON COMM,Verizon Communications Inc.,NYSE,USD,2018-06-30,Q,,2018,2,2018,2,7,0.9551,,,0.6708,2.1398,57.6717,20.5478,20.5478,,17.163,12.7938,8595.0,,,,0.1223,12.3693,1.3941,64.5564,7.9253,-5.3516,1.6126,2.6089,2.0766,12.9661,3.9703
BEL,VZ,VERIZON COMM,Verizon Communications Inc.,NYSE,USD,2018-09-30,Q,,2018,3,2018,3,7,0.9704,,,0.6549,2.0137,59.1161,23.5379,23.5379,,20.4711,15.1011,14218.0,,,,0.1228,10.4969,1.3579,66.2766,9.0253,-6.5869,1.9061,3.1146,3.4343,13.5738,6.3391
BEL,VZ,VERIZON COMM,Verizon Communications Inc.,NYSE,USD,2018-12-31,Q,,2018,4,2018,4,7,0.9132,,,0.6593,2.0666,55.3951,1.8582,1.8582,,3.9876,5.6562,17681.0,,,,0.1294,11.4454,1.3657,65.9018,3.7744,-2.7978,0.7797,1.2859,4.279,13.2405,8.3105
WMS,WMT,WALMART INC,Walmart Inc.,NYSE,USD,2018-01-31,A,,2018,4,2018,1,7,0.7598,,,0.313,0.5752,25.372,4.0846,4.0846,6.189,3.0225,1.971,18664.0,,,,2.4464,8.5283,89.1242,4.0954,13.02,16.8153,5.1452,8.9446,6.2007,27.3787,9.4143
WMS,WMT,WALMART INC,Walmart Inc.,NYSE,USD,2018-01-31,Q,,2018,4,2018,1,7,0.7598,,,0.313,0.5752,24.6773,3.2781,3.2781,,2.1751,1.5961,18664.0,,,,0.6663,2.3443,24.2727,3.7079,2.9237,3.776,1.1554,2.0086,6.2007,27.3787,9.4143
WMS,WMT,WALMART INC,Walmart Inc.,NYSE,USD,2018-04-30,Q,,2019,1,2018,2,7,0.7336,,,0.3167,0.5917,25.2531,4.2008,4.2008,,2.3001,1.7393,3541.0,,,,0.5987,2.1178,26.8586,3.3509,2.9059,3.8269,1.1106,1.9855,1.1935,26.5415,1.7395
WMS,WMT,WALMART INC,Walmart Inc.,NYSE,USD,2018-07-31,Q,,2019,2,2018,3,7,0.9259,,,0.4113,0.7288,25.3515,4.4912,4.4912,,0.3109,-0.6725,7018.0,,,,0.6213,2.2763,25.5954,3.5163,-0.9849,-1.2989,-0.3528,-0.5798,2.3822,25.1489,3.7661
WMS,WMT,WALMART INC,Walmart Inc.,NYSE,USD,2018-10-31,Q,,2019,3,2018,4,7,0.8099,,,0.3857,0.7675,25.444,3.9922,3.9922,,2.0625,1.3692,10602.0,,,,0.5512,1.8483,21.5893,4.1687,2.2864,3.7522,0.8019,1.4046,3.6049,27.2902,5.8851
J,XOM,EXXON MOBIL CRP,Exxon Mobil Corporation,NYSE,USD,2018-12-31,A,,2018,4,2018,4,7,0.8396,,,0.0938,0.1904,22.2923,10.6657,10.9296,17.3887,10.6657,7.181,16440.0,,,,0.8383,11.8956,,,10.7899,10.7899,6.1875,9.7783,3.8501,46.8558,8.4342
J,XOM,EXXON MOBIL CRP,Exxon Mobil Corporation,NYSE,USD,2018-03-31,Q,,2018,1,2018,1,7,0.8012,,,0.0963,0.2084,22.4084,10.6141,10.9132,,10.6141,6.8171,5170.0,,,,0.1955,2.9325,,,2.4539,2.4539,1.3712,2.2175,1.2108,46.0347,1.9951
J,XOM,EXXON MOBIL CRP,Exxon Mobil Corporation,NYSE,USD,2018-06-30,Q,,2018,2,2018,2,7,0.8096,,,0.0967,0.213,20.246,8.8597,9.0597,,8.8597,5.3741,8023.0,,,,0.2107,3.1716,,,2.0596,2.0596,1.1428,1.8604,1.8785,45.7093,3.8162
J,XOM,EXXON MOBIL CRP,Exxon Mobil Corporation,NYSE,USD,2018-09-30,Q,,2018,3,2018,3,7,0.8267,,,0.0948,0.2034,22.7518,11.853,12.1141,,11.853,8.1457,13927.0,,,,0.216,3.1542,,,3.2749,3.2749,1.8177,2.9643,3.2608,46.4882,6.417
J,XOM,EXXON MOBIL CRP,Exxon Mobil Corporation,NYSE,USD,2018-12-31,Q,,2018,4,2018,4,7,0.8396,,,0.0938,0.1904,23.7847,11.2956,11.5947,,11.2956,8.3455,16440.0,,,,0.2077,2.8903,,,3.126,3.126,1.7926,2.8329,3.8501,46.8558,8.4342
